-- Migración 006: datos personales y catálogo territorial vigente de El Salvador
-- Fuente: Ley Especial para la Reestructuración Municipal, Asamblea Legislativa.
USE db_atenea;

CREATE TABLE IF NOT EXISTS departamentos (id SMALLINT UNSIGNED NOT NULL PRIMARY KEY,nombre VARCHAR(100) NOT NULL UNIQUE) ENGINE=InnoDB DEFAULT CHARSET=utf8mb4 COLLATE=utf8mb4_unicode_ci;
CREATE TABLE IF NOT EXISTS municipios (id SMALLINT UNSIGNED NOT NULL PRIMARY KEY,departamento_id SMALLINT UNSIGNED NOT NULL,nombre VARCHAR(120) NOT NULL,UNIQUE KEY uq_municipio_departamento_nombre(departamento_id,nombre),CONSTRAINT fk_municipios_departamento FOREIGN KEY(departamento_id) REFERENCES departamentos(id)) ENGINE=InnoDB DEFAULT CHARSET=utf8mb4 COLLATE=utf8mb4_unicode_ci;
CREATE TABLE IF NOT EXISTS distritos (id SMALLINT UNSIGNED NOT NULL PRIMARY KEY,municipio_id SMALLINT UNSIGNED NOT NULL,nombre VARCHAR(120) NOT NULL,UNIQUE KEY uq_distrito_municipio_nombre(municipio_id,nombre),CONSTRAINT fk_distritos_municipio FOREIGN KEY(municipio_id) REFERENCES municipios(id)) ENGINE=InnoDB DEFAULT CHARSET=utf8mb4 COLLATE=utf8mb4_unicode_ci;

INSERT INTO departamentos(id,nombre) VALUES
(1,'Ahuachapán'),
(2,'San Salvador'),
(3,'La Libertad'),
(4,'Chalatenango'),
(5,'Cuscatlán'),
(6,'Cabañas'),
(7,'La Paz'),
(8,'La Unión'),
(9,'Usulután'),
(10,'Sonsonate'),
(11,'Santa Ana'),
(12,'San Vicente'),
(13,'San Miguel'),
(14,'Morazán')
ON DUPLICATE KEY UPDATE nombre=VALUES(nombre);

INSERT INTO municipios(id,departamento_id,nombre) VALUES
(1,1,'Ahuachapán Norte'),
(2,1,'Ahuachapán Centro'),
(3,1,'Ahuachapán Sur'),
(4,2,'San Salvador Norte'),
(5,2,'San Salvador Oeste'),
(6,2,'San Salvador Este'),
(7,2,'San Salvador Centro'),
(8,2,'San Salvador Sur'),
(9,3,'La Libertad Norte'),
(10,3,'La Libertad Centro'),
(11,3,'La Libertad Oeste'),
(12,3,'La Libertad Este'),
(13,3,'La Libertad Costa'),
(14,3,'La Libertad Sur'),
(15,4,'Chalatenango Norte'),
(16,4,'Chalatenango Centro'),
(17,4,'Chalatenango Sur'),
(18,5,'Cuscatlán Norte'),
(19,5,'Cuscatlán Sur'),
(20,6,'Cabañas Este'),
(21,6,'Cabañas Oeste'),
(22,7,'La Paz Oeste'),
(23,7,'La Paz Centro'),
(24,7,'La Paz Este'),
(25,8,'La Unión Norte'),
(26,8,'La Unión Sur'),
(27,9,'Usulután Norte'),
(28,9,'Usulután Este'),
(29,9,'Usulután Oeste'),
(30,10,'Sonsonate Norte'),
(31,10,'Sonsonate Centro'),
(32,10,'Sonsonate Este'),
(33,10,'Sonsonate Oeste'),
(34,11,'Santa Ana Norte'),
(35,11,'Santa Ana Centro'),
(36,11,'Santa Ana Este'),
(37,11,'Santa Ana Oeste'),
(38,12,'San Vicente Norte'),
(39,12,'San Vicente Sur'),
(40,13,'San Miguel Norte'),
(41,13,'San Miguel Centro'),
(42,13,'San Miguel Oeste'),
(43,14,'Morazán Norte'),
(44,14,'Morazán Sur')
ON DUPLICATE KEY UPDATE departamento_id=VALUES(departamento_id),nombre=VALUES(nombre);

INSERT INTO distritos(id,municipio_id,nombre) VALUES
(1,1,'Atiquizaya'),
(2,1,'El Refugio'),
(3,1,'San Lorenzo'),
(4,1,'Turín'),
(5,2,'Ahuachapán'),
(6,2,'Apaneca'),
(7,2,'Concepción de Ataco'),
(8,2,'Tacuba'),
(9,3,'Guaymango'),
(10,3,'Jujutla'),
(11,3,'San Francisco Menéndez'),
(12,3,'San Pedro Puxtla'),
(13,4,'Aguilares'),
(14,4,'El Paisnal'),
(15,4,'Guazapa'),
(16,5,'Apopa'),
(17,5,'Nejapa'),
(18,6,'Ilopango'),
(19,6,'San Martín'),
(20,6,'Soyapango'),
(21,6,'Tonacatepeque'),
(22,7,'Ayutuxtepeque'),
(23,7,'Mejicanos'),
(24,7,'San Salvador'),
(25,7,'Cuscatancingo'),
(26,7,'Ciudad Delgado'),
(27,8,'Panchimalco'),
(28,8,'Rosario de Mora'),
(29,8,'San Marcos'),
(30,8,'Santo Tomás'),
(31,8,'Santiago Texacuangos'),
(32,9,'Quezaltepeque'),
(33,9,'San Matías'),
(34,9,'San Pablo Tacachico'),
(35,10,'San Juan Opico'),
(36,10,'Ciudad Arce'),
(37,11,'Colón'),
(38,11,'Jayaque'),
(39,11,'Sacacoyo'),
(40,11,'Tepecoyo'),
(41,11,'Talnique'),
(42,12,'Antiguo Cuscatlán'),
(43,12,'Huizúcar'),
(44,12,'Nuevo Cuscatlán'),
(45,12,'San José Villanueva'),
(46,12,'Zaragoza'),
(47,13,'Chiltuipán'),
(48,13,'Jicalapa'),
(49,13,'La Libertad'),
(50,13,'Tamanique'),
(51,13,'Teotepeque'),
(52,14,'Comasagua'),
(53,14,'Santa Tecla'),
(54,15,'La Palma'),
(55,15,'Citalá'),
(56,15,'San Ignacio'),
(57,16,'Nueva Concepción'),
(58,16,'Tejutla'),
(59,16,'La Reina'),
(60,16,'Agua Caliente'),
(61,16,'Dulce Nombre de María'),
(62,16,'El Paraíso'),
(63,16,'San Francisco Morazán'),
(64,16,'San Rafael'),
(65,16,'Santa Rita'),
(66,16,'San Fernando'),
(67,17,'Chalatenango'),
(68,17,'Arcatao'),
(69,17,'Azacualpa'),
(70,17,'Comalapa'),
(71,17,'Concepción Quezaltepeque'),
(72,17,'El Carrizal'),
(73,17,'La Laguna'),
(74,17,'Las Vueltas'),
(75,17,'Nombre de Jesús'),
(76,17,'Nueva Trinidad'),
(77,17,'Ojos de Agua'),
(78,17,'Potonico'),
(79,17,'San Antonio de La Cruz'),
(80,17,'San Antonio Los Ranchos'),
(81,17,'San Francisco Lempa'),
(82,17,'San Isidro Labrador'),
(83,17,'San José Cancasque'),
(84,17,'San Miguel de Mercedes'),
(85,17,'San José Las Flores'),
(86,17,'San Luis del Carmen'),
(87,18,'Suchitoto'),
(88,18,'San José Guayabal'),
(89,18,'Oratorio de Concepción'),
(90,18,'San Bartolomé Perulapán'),
(91,18,'San Pedro Perulapán'),
(92,19,'Cojutepeque'),
(93,19,'San Rafael Cedros'),
(94,19,'Candelaria'),
(95,19,'Monte San Juan'),
(96,19,'El Carmen'),
(97,19,'San Cristóbal'),
(98,19,'Santa Cruz Michapa'),
(99,19,'San Ramón'),
(100,19,'El Rosario'),
(101,19,'Santa Cruz Analquito'),
(102,19,'Tenancingo'),
(103,20,'Sensuntepeque'),
(104,20,'Victoria'),
(105,20,'Dolores'),
(106,20,'Guacotecti'),
(107,20,'San Isidro'),
(108,21,'llobasco'),
(109,21,'Tejutepeque'),
(110,21,'Jutiapa'),
(111,21,'Cinquera'),
(112,22,'Cuyultitán'),
(113,22,'Olocuilta'),
(114,22,'San Juan Talpa'),
(115,22,'San Luis Talpa'),
(116,22,'San Pedro Masahuat'),
(117,22,'Tapalhuaca'),
(118,22,'San Francisco Chinameca'),
(119,23,'El Rosario'),
(120,23,'Jerusalén'),
(121,23,'Mercedes La Ceiba'),
(122,23,'Paraíso de Osorio'),
(123,23,'San Antonio Masahuat'),
(124,23,'San Emigdio'),
(125,23,'San Juan Tepezontes'),
(126,23,'San Luis La Herradura'),
(127,23,'San Miguel Tepezontes'),
(128,23,'San Pedro Nonualco'),
(129,23,'Santa María Ostuma'),
(130,23,'Santiago Nonualco'),
(131,24,'San Juan Nonualco'),
(132,24,'San Rafael Obrajuelo'),
(133,24,'Zacatecoluca'),
(134,25,'Anamorós'),
(135,25,'Bolívar'),
(136,25,'Concepción de Oriente'),
(137,25,'El Sauce'),
(138,25,'Lislique'),
(139,25,'Nueva Esparta'),
(140,25,'Pasaquina'),
(141,25,'Polorós'),
(142,25,'San José La Fuente'),
(143,25,'Santa Rosa de Lima'),
(144,26,'Conchagua'),
(145,26,'El Carmen'),
(146,26,'Intipucá'),
(147,26,'La Unión'),
(148,26,'Meanguera del Golfo'),
(149,26,'San Alejo'),
(150,26,'Yayantique'),
(151,26,'Yucuaiquín'),
(152,27,'Santiago de María'),
(153,27,'Alegría'),
(154,27,'Berlín'),
(155,27,'Mercedes Umaña'),
(156,27,'Jucuapa'),
(157,27,'El Triunfo'),
(158,27,'Estanzuelas'),
(159,27,'San Buenaventura'),
(160,27,'Nueva Granada'),
(161,28,'Usulután'),
(162,28,'Jucuarán'),
(163,28,'San Dionisio'),
(164,28,'Concepción Batres'),
(165,28,'Santa María'),
(166,28,'Ozatlán'),
(167,28,'Tecapán'),
(168,28,'Santa Elena'),
(169,28,'California'),
(170,28,'Ereguayquín'),
(171,29,'Jiquilisco'),
(172,29,'Puerto El Triunfo'),
(173,29,'San Agustín'),
(174,29,'San Francisco Javier'),
(175,30,'Juayúa'),
(176,30,'Nahuizalco'),
(177,30,'Salcoatitán'),
(178,30,'Santa Catarina Masahuat'),
(179,31,'Sonsonate'),
(180,31,'Sonzacate'),
(181,31,'Nahulingo'),
(182,31,'San Antonio del Monte'),
(183,31,'Santo Domingo de Guzmán'),
(184,32,'Izalco'),
(185,32,'Armenia'),
(186,32,'Caluco'),
(187,32,'San Julián'),
(188,32,'Cuisnahuat'),
(189,32,'Santa Isabel Ishuatán'),
(190,33,'Acajutla'),
(191,34,'Masahuat'),
(192,34,'Metapán'),
(193,34,'Santa Rosa Guachipilín'),
(194,34,'Texistepeque'),
(195,35,'Santa Ana'),
(196,36,'Coatepeque'),
(197,36,'El Congo'),
(198,37,'Candelaria de la Frontera'),
(199,37,'Chalchuapa'),
(200,37,'El Porvenir'),
(201,37,'San Antonio Pajonal'),
(202,37,'San Sebastián Salitrillo'),
(203,37,'Santiago de La Frontera'),
(204,38,'Apastepeque'),
(205,38,'Santa Clara'),
(206,38,'San Ildefonso'),
(207,38,'San Esteban Catarina'),
(208,38,'San Sebastián'),
(209,38,'San Lorenzo'),
(210,38,'Santo Domingo'),
(211,39,'San Vicente'),
(212,39,'Guadalupe'),
(213,39,'Verapaz'),
(214,39,'Tepetitán'),
(215,39,'Tecoluca'),
(216,39,'San Cayetano lstepeque'),
(217,40,'Ciudad Barrios'),
(218,40,'Sesori'),
(219,40,'Nuevo Edén de San Juan'),
(220,40,'San Gerardo'),
(221,40,'San Luis de La Reina'),
(222,40,'Carolina'),
(223,40,'San Antonio del Mosco'),
(224,40,'Chapeltique'),
(225,41,'San Miguel'),
(226,41,'Comacarán'),
(227,41,'Uluazapa'),
(228,41,'Moncagua'),
(229,41,'Quelepa'),
(230,41,'Chirilagua'),
(231,42,'Chinameca'),
(232,42,'Nueva Guadalupe'),
(233,42,'Lolotique'),
(234,42,'San Jorge'),
(235,42,'San Rafael Oriente'),
(236,42,'El Tránsito'),
(237,43,'Arambala'),
(238,43,'Cacaopera'),
(239,43,'Corinto'),
(240,43,'El Rosario'),
(241,43,'Joateca'),
(242,43,'Jocoaitique'),
(243,43,'Meanguera'),
(244,43,'Perquín'),
(245,43,'San Fernando'),
(246,43,'San Isidro'),
(247,43,'Torola'),
(248,44,'Chilanga'),
(249,44,'Delicias de Concepción'),
(250,44,'El Divisadero'),
(251,44,'Gualococti'),
(252,44,'Guatajiagua'),
(253,44,'Jocoro'),
(254,44,'Lolotiquillo'),
(255,44,'Osicala'),
(256,44,'San Carlos'),
(257,44,'San Francisco Gotera'),
(258,44,'San Simón'),
(259,44,'Sensembra'),
(260,44,'Sociedad'),
(261,44,'Yamabal'),
(262,44,'Yoloaiquín')
ON DUPLICATE KEY UPDATE municipio_id=VALUES(municipio_id),nombre=VALUES(nombre);

ALTER TABLE usuarios ADD COLUMN IF NOT EXISTS fecha_nacimiento DATE NULL AFTER foto,ADD COLUMN IF NOT EXISTS dui CHAR(10) NULL AFTER fecha_nacimiento,ADD COLUMN IF NOT EXISTS codigo_telefono VARCHAR(5) NULL AFTER dui,ADD COLUMN IF NOT EXISTS telefono VARCHAR(15) NULL AFTER codigo_telefono,ADD COLUMN IF NOT EXISTS departamento_id SMALLINT UNSIGNED NULL AFTER telefono,ADD COLUMN IF NOT EXISTS municipio_id SMALLINT UNSIGNED NULL AFTER departamento_id,ADD COLUMN IF NOT EXISTS distrito_id SMALLINT UNSIGNED NULL AFTER municipio_id,ADD COLUMN IF NOT EXISTS direccion VARCHAR(500) NULL AFTER distrito_id;
DELIMITER //
DROP PROCEDURE IF EXISTS validar_duis_antes_de_indice//
CREATE PROCEDURE validar_duis_antes_de_indice()
BEGIN
 IF EXISTS(SELECT dui FROM usuarios WHERE dui IS NOT NULL GROUP BY dui HAVING COUNT(*)>1) THEN SIGNAL SQLSTATE '45000' SET MESSAGE_TEXT='No se creó UNIQUE: existen DUI duplicados en usuarios'; END IF;
END//
DELIMITER ;
CALL validar_duis_antes_de_indice();
DROP PROCEDURE validar_duis_antes_de_indice;
CREATE UNIQUE INDEX IF NOT EXISTS uq_usuarios_dui ON usuarios(dui);
DELIMITER //
DROP PROCEDURE IF EXISTS agregar_fk_usuarios//
CREATE PROCEDURE agregar_fk_usuarios()
BEGIN
 IF NOT EXISTS(SELECT 1 FROM information_schema.REFERENTIAL_CONSTRAINTS WHERE CONSTRAINT_SCHEMA=DATABASE() AND CONSTRAINT_NAME='fk_usuarios_departamento') THEN
  ALTER TABLE usuarios ADD CONSTRAINT fk_usuarios_departamento FOREIGN KEY(departamento_id) REFERENCES departamentos(id);
 END IF;
 IF NOT EXISTS(SELECT 1 FROM information_schema.REFERENTIAL_CONSTRAINTS WHERE CONSTRAINT_SCHEMA=DATABASE() AND CONSTRAINT_NAME='fk_usuarios_municipio') THEN
  ALTER TABLE usuarios ADD CONSTRAINT fk_usuarios_municipio FOREIGN KEY(municipio_id) REFERENCES municipios(id);
 END IF;
 IF NOT EXISTS(SELECT 1 FROM information_schema.REFERENTIAL_CONSTRAINTS WHERE CONSTRAINT_SCHEMA=DATABASE() AND CONSTRAINT_NAME='fk_usuarios_distrito') THEN
  ALTER TABLE usuarios ADD CONSTRAINT fk_usuarios_distrito FOREIGN KEY(distrito_id) REFERENCES distritos(id);
 END IF;
END//
DELIMITER ;
CALL agregar_fk_usuarios();
DROP PROCEDURE agregar_fk_usuarios;

